-- Generated by scripts/generate_demo_dataset.py v1.0.0 — seed 11, anchor 2026-06-09. DO NOT EDIT BY HAND.
-- Spec: docs/decisions/demo-tenant-synthetic-dataset.md (ratification PENDING — do not load against the live demo tenant until issue #123 ratifies the brief)
-- Run INSIDE the VPC as crm_app (one-off ECS task / psql -v ON_ERROR_STOP=1).
-- Idempotent: wipes this tenant's rows (RLS-scoped), then re-inserts.
-- documents.embedding is left NULL — run the embed pass (Titan V2 via the ingest
-- embedder seam) before expecting rag.search to retrieve this corpus.
BEGIN;
SET LOCAL app.current_tenant = '6cda9429-35d0-58b3-80e8-98eb1f2d8255';
DELETE FROM activities;
DELETE FROM approvals;
DELETE FROM deals;
DELETE FROM contacts;
DELETE FROM companies;
DELETE FROM saved_views;
DELETE FROM documents WHERE ref_id LIKE 'demo:%';
INSERT INTO companies (tenant_id, id, name, domain, ref_id, created_at) VALUES
    ('6cda9429-35d0-58b3-80e8-98eb1f2d8255', '407f7933-c004-5d30-a50b-0263e2cfae31', 'Lakeline Realty Management', 'lakelinerealtymanagement-0.example', 'demo:company:0', '2024-03-28T15:45:00-05:00'),
    ('6cda9429-35d0-58b3-80e8-98eb1f2d8255', '6dee1e16-81f4-5528-abaf-4716731c3b5f', 'Barton Springs Freight Systems', 'bartonspringsfreightsystems-1.example', 'demo:company:1', '2024-04-04T11:10:00-05:00'),
    ('6cda9429-35d0-58b3-80e8-98eb1f2d8255', 'e275e1c0-b4b1-5055-9a17-3fb3445937ef', 'Pflugerville Surgical Associates', 'pflugervillesurgicalassociates-2.example', 'demo:company:2', '2025-01-02T17:10:00-05:00'),
    ('6cda9429-35d0-58b3-80e8-98eb1f2d8255', '9aa1e52a-cb07-5b02-9f2e-2007348f8586', 'Round Rock Hospitality Group', 'roundrockhospitalitygroup-3.example', 'demo:company:3', '2025-01-23T10:05:00-05:00'),
    ('6cda9429-35d0-58b3-80e8-98eb1f2d8255', '7905c151-1c9f-59bb-8f0f-a34d45af302e', 'Cedar Bend Office Partners', 'cedarbendofficepartners-4.example', 'demo:company:4', '2024-05-07T08:40:00-05:00');
INSERT INTO contacts (tenant_id, id, company_id, name, email, phone, ref_id, created_at) VALUES
    ('6cda9429-35d0-58b3-80e8-98eb1f2d8255', '2fb56c71-0568-5c74-a03f-9f1aa5467789', '407f7933-c004-5d30-a50b-0263e2cfae31', 'Caspian Ostrander', 'caspian.ostrander@lakelinerealtymanagement-0.example', '+1-512-555-0100', 'demo:contact:0', '2024-03-28T15:45:00-05:00'),
    ('6cda9429-35d0-58b3-80e8-98eb1f2d8255', '0867c086-4b77-542c-9a57-b8d4e7d380db', '407f7933-c004-5d30-a50b-0263e2cfae31', 'Katya Ostrander', 'katya.ostrander@lakelinerealtymanagement-0.example', '+1-512-555-0101', 'demo:contact:1', '2024-03-28T15:45:00-05:00'),
    ('6cda9429-35d0-58b3-80e8-98eb1f2d8255', 'ed7edce8-a16c-56c1-a606-3767683dec46', '407f7933-c004-5d30-a50b-0263e2cfae31', 'Adriana Inverness', 'adriana.inverness@lakelinerealtymanagement-0.example', '+1-512-555-0102', 'demo:contact:2', '2024-03-28T15:45:00-05:00'),
    ('6cda9429-35d0-58b3-80e8-98eb1f2d8255', 'a6d2e237-d179-5301-ad55-7b4ff08ff66c', '6dee1e16-81f4-5528-abaf-4716731c3b5f', 'Elias Dunmore', 'elias.dunmore@bartonspringsfreightsystems-1.example', '+1-512-555-0103', 'demo:contact:3', '2024-04-04T11:10:00-05:00'),
    ('6cda9429-35d0-58b3-80e8-98eb1f2d8255', 'f7460b2d-9797-5a0f-afee-7176ab60bf72', '6dee1e16-81f4-5528-abaf-4716731c3b5f', 'Calliope Montufar', 'calliope.montufar@bartonspringsfreightsystems-1.example', '+1-512-555-0104', 'demo:contact:4', '2024-04-04T11:10:00-05:00'),
    ('6cda9429-35d0-58b3-80e8-98eb1f2d8255', 'e90db0f7-394c-5d47-a650-9902d239c0e5', '6dee1e16-81f4-5528-abaf-4716731c3b5f', 'Porter Nethercott', 'porter.nethercott@bartonspringsfreightsystems-1.example', '+1-512-555-0105', 'demo:contact:5', '2024-04-04T11:10:00-05:00'),
    ('6cda9429-35d0-58b3-80e8-98eb1f2d8255', '7e16a419-1d73-5732-a14d-b525f2c37ec5', 'e275e1c0-b4b1-5055-9a17-3fb3445937ef', 'Bennett Elkington', 'bennett.elkington@pflugervillesurgicalassociates-2.example', '+1-512-555-0106', 'demo:contact:6', '2025-01-02T17:10:00-05:00'),
    ('6cda9429-35d0-58b3-80e8-98eb1f2d8255', '819c95e1-8bce-5e5c-88af-a061a8bcd83e', 'e275e1c0-b4b1-5055-9a17-3fb3445937ef', 'Ulysses Dunsmuir', 'ulysses.dunsmuir@pflugervillesurgicalassociates-2.example', '+1-512-555-0107', 'demo:contact:7', '2025-01-02T17:10:00-05:00'),
    ('6cda9429-35d0-58b3-80e8-98eb1f2d8255', '00336523-b059-578f-920a-7ca78cdfe424', 'e275e1c0-b4b1-5055-9a17-3fb3445937ef', 'Lazlo Montufar', 'lazlo.montufar@pflugervillesurgicalassociates-2.example', '+1-512-555-0108', 'demo:contact:8', '2025-01-02T17:10:00-05:00'),
    ('6cda9429-35d0-58b3-80e8-98eb1f2d8255', 'af24a85c-4ec5-512f-b313-ea0835bd05c1', '9aa1e52a-cb07-5b02-9f2e-2007348f8586', 'Hollis Oberlin', 'hollis.oberlin@roundrockhospitalitygroup-3.example', '+1-512-555-0109', 'demo:contact:9', '2025-01-23T10:05:00-05:00'),
    ('6cda9429-35d0-58b3-80e8-98eb1f2d8255', '5ddbb2ac-e464-5390-8a5b-d90f41836107', '9aa1e52a-cb07-5b02-9f2e-2007348f8586', 'Stellan Granbury', 'stellan.granbury@roundrockhospitalitygroup-3.example', '+1-512-555-0110', 'demo:contact:10', '2025-01-23T10:05:00-05:00'),
    ('6cda9429-35d0-58b3-80e8-98eb1f2d8255', 'a1df5476-420c-50e5-bf38-10b4cc7e144b', '9aa1e52a-cb07-5b02-9f2e-2007348f8586', 'Adriana Fenwick', 'adriana.fenwick@roundrockhospitalitygroup-3.example', '+1-512-555-0111', 'demo:contact:11', '2025-01-23T10:05:00-05:00'),
    ('6cda9429-35d0-58b3-80e8-98eb1f2d8255', 'b73f866e-aa5d-536e-be46-ffd4d66a1107', '7905c151-1c9f-59bb-8f0f-a34d45af302e', 'Delphine Rookwood', 'delphine.rookwood@cedarbendofficepartners-4.example', '+1-512-555-0112', 'demo:contact:12', '2024-05-07T08:40:00-05:00'),
    ('6cda9429-35d0-58b3-80e8-98eb1f2d8255', 'fdf1bf82-9535-58c9-bab4-b4507a966608', '7905c151-1c9f-59bb-8f0f-a34d45af302e', 'Ansel Kirkbride', 'ansel.kirkbride@cedarbendofficepartners-4.example', '+1-512-555-0113', 'demo:contact:13', '2024-05-07T08:40:00-05:00'),
    ('6cda9429-35d0-58b3-80e8-98eb1f2d8255', '626785a8-93e1-5f2e-bb98-8dc988a1949f', '7905c151-1c9f-59bb-8f0f-a34d45af302e', 'Farrah Quintanar', 'farrah.quintanar@cedarbendofficepartners-4.example', '+1-512-555-0114', 'demo:contact:14', '2024-05-07T08:40:00-05:00');
INSERT INTO deals (tenant_id, id, company_id, contact_id, title, stage, amount, currency, ref_id, created_at) VALUES
    ('6cda9429-35d0-58b3-80e8-98eb1f2d8255', 'a6ff6230-726e-5868-b64b-409fd5c356f3', '407f7933-c004-5d30-a50b-0263e2cfae31', 'ed7edce8-a16c-56c1-a606-3767683dec46', 'Lakeline Realty Management service agreement renewal FY27', 'closed_lost', 39500, 'USD', 'demo:deal:0', '2026-01-14T08:15:00-05:00'),
    ('6cda9429-35d0-58b3-80e8-98eb1f2d8255', '12fa2540-5fc3-577a-a79c-a0c6f7c22a9a', '6dee1e16-81f4-5528-abaf-4716731c3b5f', 'a6d2e237-d179-5301-ad55-7b4ff08ff66c', 'Barton Springs Freight Systems comfort-cooling service plan', 'qualified', 21000, 'USD', 'demo:deal:1', '2026-05-24T11:20:00-05:00'),
    ('6cda9429-35d0-58b3-80e8-98eb1f2d8255', '607508cc-7e1e-5c2b-a02e-d5b51a294748', 'e275e1c0-b4b1-5055-9a17-3fb3445937ef', '819c95e1-8bce-5e5c-88af-a061a8bcd83e', 'Pflugerville Surgical Associates — AeroVent AV-2 makeup-air unit repair', 'new', 9000, 'USD', 'demo:deal:2', '2026-06-02T09:00:00-05:00'),
    ('6cda9429-35d0-58b3-80e8-98eb1f2d8255', '6ea9e0ee-674c-5bbd-aa35-301c4a314f56', '9aa1e52a-cb07-5b02-9f2e-2007348f8586', 'af24a85c-4ec5-512f-b313-ea0835bd05c1', 'Round Rock Hospitality Group emergency repair — suite 400', 'qualified', 11050, 'USD', 'demo:deal:3', '2026-05-10T10:40:00-05:00'),
    ('6cda9429-35d0-58b3-80e8-98eb1f2d8255', '08e02613-f7d9-5d6d-a0eb-e56d73977995', '7905c151-1c9f-59bb-8f0f-a34d45af302e', '626785a8-93e1-5f2e-bb98-8dc988a1949f', 'Cedar Bend Office Partners emergency repair — the north campus', 'proposal', 9850, 'USD', 'demo:deal:4', '2026-04-01T17:20:00-05:00'),
    ('6cda9429-35d0-58b3-80e8-98eb1f2d8255', 'fd81ed17-2483-52fa-bd78-6baa74850933', '407f7933-c004-5d30-a50b-0263e2cfae31', '2fb56c71-0568-5c74-a03f-9f1aa5467789', 'Lakeline Realty Management — ClimaCore CC-30 cooling tower repair', 'new', 9800, 'USD', 'demo:deal:5', '2026-05-19T11:45:00-05:00'),
    ('6cda9429-35d0-58b3-80e8-98eb1f2d8255', 'ba8d700c-28ae-5d6d-ab1d-2f56ce632195', '6dee1e16-81f4-5528-abaf-4716731c3b5f', 'f7460b2d-9797-5a0f-afee-7176ab60bf72', 'Barton Springs Freight Systems — TruFlow TF-8 boiler repair', 'closed_won', 12750, 'USD', 'demo:deal:6', '2026-04-03T11:15:00-05:00'),
    ('6cda9429-35d0-58b3-80e8-98eb1f2d8255', 'e861d8c8-9c5b-5672-8cad-4f2d0122f986', 'e275e1c0-b4b1-5055-9a17-3fb3445937ef', '7e16a419-1d73-5732-a14d-b525f2c37ec5', 'Pflugerville Surgical Associates comfort-cooling service plan', 'negotiation', 38000, 'USD', 'demo:deal:7', '2026-03-10T10:40:00-05:00');
INSERT INTO activities (tenant_id, id, contact_id, deal_id, kind, body, occurred_at) VALUES
    ('6cda9429-35d0-58b3-80e8-98eb1f2d8255', '8761a58f-0d3e-551c-8fe7-d3373f03e1de', 'ed7edce8-a16c-56c1-a606-3767683dec46', 'a6ff6230-726e-5868-b64b-409fd5c356f3', 'email', 'Emailed Adriana Inverness the maintenance-window options for the distribution floor; awaiting their preferred slot.', '2026-01-18T11:15:00-05:00'),
    ('6cda9429-35d0-58b3-80e8-98eb1f2d8255', 'ed98c5b6-9eb4-5a78-a7ff-e4a7356e44ba', 'ed7edce8-a16c-56c1-a606-3767683dec46', 'a6ff6230-726e-5868-b64b-409fd5c356f3', 'call', 'Adriana called about uneven temperatures at the distribution floor; suspect a stuck damper actuator. Visit scheduled.', '2026-01-29T10:50:00-05:00'),
    ('6cda9429-35d0-58b3-80e8-98eb1f2d8255', '47154c27-d208-5ef4-b061-211691d1f91e', 'ed7edce8-a16c-56c1-a606-3767683dec46', 'a6ff6230-726e-5868-b64b-409fd5c356f3', 'call', 'Follow-up call with Adriana Inverness: parts for the NorthCool C-450 chiller arrived; install set for early next week.', '2026-02-05T14:45:00-05:00'),
    ('6cda9429-35d0-58b3-80e8-98eb1f2d8255', '151c1c60-1df2-50dd-9f35-9db36b1a26c0', 'ed7edce8-a16c-56c1-a606-3767683dec46', 'a6ff6230-726e-5868-b64b-409fd5c356f3', 'email', 'Emailed Adriana Inverness the maintenance-window options for the distribution floor; awaiting their preferred slot.', '2026-02-17T14:00:00-05:00'),
    ('6cda9429-35d0-58b3-80e8-98eb1f2d8255', 'e14e6de6-bdc5-5b93-a9cd-64728c8dc4fd', 'ed7edce8-a16c-56c1-a606-3767683dec46', 'a6ff6230-726e-5868-b64b-409fd5c356f3', 'call', 'Adriana called about uneven temperatures at the distribution floor; suspect a stuck damper actuator. Visit scheduled.', '2026-02-24T08:50:00-05:00'),
    ('6cda9429-35d0-58b3-80e8-98eb1f2d8255', '3b5fb64a-673f-52d9-b87a-18041311cc0f', 'ed7edce8-a16c-56c1-a606-3767683dec46', 'a6ff6230-726e-5868-b64b-409fd5c356f3', 'meeting', 'Walkthrough with Adriana Inverness and their engineer at the distribution floor; documented unit ages and refrigerant types.', '2026-03-10T11:40:00-05:00'),
    ('6cda9429-35d0-58b3-80e8-98eb1f2d8255', 'b3ee9d35-15a6-5b7b-b732-80095e7744d7', 'ed7edce8-a16c-56c1-a606-3767683dec46', 'a6ff6230-726e-5868-b64b-409fd5c356f3', 'note', 'Logged warranty terms for the NorthCool C-450 chiller — compressor covered through next year.', '2026-03-16T17:45:00-05:00'),
    ('6cda9429-35d0-58b3-80e8-98eb1f2d8255', '821fcd9c-9e20-5fc7-85fa-0d37abd32b5d', 'ed7edce8-a16c-56c1-a606-3767683dec46', 'a6ff6230-726e-5868-b64b-409fd5c356f3', 'email', 'Emailed Adriana Inverness the maintenance-window options for the distribution floor; awaiting their preferred slot.', '2026-03-25T10:05:00-05:00'),
    ('6cda9429-35d0-58b3-80e8-98eb1f2d8255', 'ac92a3d3-e010-5638-86de-1d94313a412e', 'ed7edce8-a16c-56c1-a606-3767683dec46', 'a6ff6230-726e-5868-b64b-409fd5c356f3', 'email', 'Sent Adriana the service summary for the distribution floor: filters changed, belts inspected, no abnormal readings on the NorthCool C-450 chiller.', '2026-04-03T15:50:00-05:00'),
    ('6cda9429-35d0-58b3-80e8-98eb1f2d8255', '3f40ce5e-8744-5445-9ebb-8b98a06e3010', 'ed7edce8-a16c-56c1-a606-3767683dec46', 'a6ff6230-726e-5868-b64b-409fd5c356f3', 'email', 'Sent the inspection report for the NorthCool C-450 chiller with photos and a parts list for the worn components.', '2026-04-16T17:05:00-05:00'),
    ('6cda9429-35d0-58b3-80e8-98eb1f2d8255', '95df386b-8fe6-55ff-a0b9-e273dc41cf5d', 'ed7edce8-a16c-56c1-a606-3767683dec46', 'a6ff6230-726e-5868-b64b-409fd5c356f3', 'note', 'Tech report: NorthCool C-450 chiller at the distribution floor back within spec after coil cleaning; added to the quarterly PM route.', '2026-04-23T11:00:00-05:00'),
    ('6cda9429-35d0-58b3-80e8-98eb1f2d8255', '4c99bea0-4048-5a2e-97d0-57afc1363172', 'a6d2e237-d179-5301-ad55-7b4ff08ff66c', '12fa2540-5fc3-577a-a79c-a0c6f7c22a9a', 'note', 'Tech report: TruFlow TF-8 boiler at building B back within spec after coil cleaning; added to the quarterly PM route.', '2026-05-25T09:20:00-05:00'),
    ('6cda9429-35d0-58b3-80e8-98eb1f2d8255', '4a41931f-f567-5c30-86c2-180a81ac14c4', 'a6d2e237-d179-5301-ad55-7b4ff08ff66c', '12fa2540-5fc3-577a-a79c-a0c6f7c22a9a', 'meeting', 'Intro meeting with Elias Dunmore: mapped their sites, current vendor gaps, and budget cycle.', '2026-05-29T09:05:00-05:00'),
    ('6cda9429-35d0-58b3-80e8-98eb1f2d8255', 'cc6a4a71-57b8-5d9f-939b-c6743b33f062', 'a6d2e237-d179-5301-ad55-7b4ff08ff66c', '12fa2540-5fc3-577a-a79c-a0c6f7c22a9a', 'meeting', 'Quarterly review with Elias Dunmore: walked open tickets, uptime stats, and the TruFlow TF-8 boiler replacement timeline.', '2026-06-02T13:00:00-05:00'),
    ('6cda9429-35d0-58b3-80e8-98eb1f2d8255', 'ab1a5bd7-07a6-5111-83c9-90d75caec642', 'a6d2e237-d179-5301-ad55-7b4ff08ff66c', '12fa2540-5fc3-577a-a79c-a0c6f7c22a9a', 'meeting', 'Quarterly review with Elias Dunmore: walked open tickets, uptime stats, and the TruFlow TF-8 boiler replacement timeline.', '2026-06-06T10:30:00-05:00'),
    ('6cda9429-35d0-58b3-80e8-98eb1f2d8255', 'da70a310-f32c-5b16-8d67-c6d632dc3536', '819c95e1-8bce-5e5c-88af-a061a8bcd83e', '607508cc-7e1e-5c2b-a02e-d5b51a294748', 'email', 'Sent Ulysses the updated certificate of insurance and W-9 for their vendor file.', '2026-06-02T09:05:00-05:00'),
    ('6cda9429-35d0-58b3-80e8-98eb1f2d8255', '66fc8b12-be5c-5df1-a5fd-af1d46e87a43', '819c95e1-8bce-5e5c-88af-a061a8bcd83e', '607508cc-7e1e-5c2b-a02e-d5b51a294748', 'call', 'Follow-up call with Ulysses Dunsmuir: parts for the Permafrost PF-9 walk-in unit arrived; install set for early next week.', '2026-06-04T09:20:00-05:00'),
    ('6cda9429-35d0-58b3-80e8-98eb1f2d8255', 'f002739d-0d6f-5845-9bc3-8112dab0c817', '819c95e1-8bce-5e5c-88af-a061a8bcd83e', '607508cc-7e1e-5c2b-a02e-d5b51a294748', 'call', 'Follow-up call with Ulysses Dunsmuir: parts for the Permafrost PF-9 walk-in unit arrived; install set for early next week.', '2026-06-07T13:40:00-05:00'),
    ('6cda9429-35d0-58b3-80e8-98eb1f2d8255', '5d55ac9d-508c-5e00-8623-63089e855483', 'af24a85c-4ec5-512f-b313-ea0835bd05c1', '6ea9e0ee-674c-5bbd-aa35-301c4a314f56', 'note', 'Internal: Round Rock Hospitality Group pays net-30 reliably; good candidate for the annual-agreement upsell next quarter.', '2026-05-12T09:45:00-05:00'),
    ('6cda9429-35d0-58b3-80e8-98eb1f2d8255', 'fcbe1c7a-7052-52f5-bd92-ed1032b1893f', 'af24a85c-4ec5-512f-b313-ea0835bd05c1', '6ea9e0ee-674c-5bbd-aa35-301c4a314f56', 'note', 'Diagnostic: refrigerant charge low on the ClimaCore CC-30 cooling tower; leak search scheduled before any top-off.', '2026-05-22T15:20:00-05:00'),
    ('6cda9429-35d0-58b3-80e8-98eb1f2d8255', 'ccb2bce6-2501-5391-a42b-981a69ee55e5', 'af24a85c-4ec5-512f-b313-ea0835bd05c1', '6ea9e0ee-674c-5bbd-aa35-301c4a314f56', 'email', 'Emailed Hollis Oberlin the maintenance-window options for the main plant; awaiting their preferred slot.', '2026-05-29T13:20:00-05:00'),
    ('6cda9429-35d0-58b3-80e8-98eb1f2d8255', 'b9b685e8-e8ff-57d8-8cb8-c1df010e298b', 'af24a85c-4ec5-512f-b313-ea0835bd05c1', '6ea9e0ee-674c-5bbd-aa35-301c4a314f56', 'email', 'Sent the inspection report for the ClimaCore CC-30 cooling tower with photos and a parts list for the worn components.', '2026-06-02T17:15:00-05:00'),
    ('6cda9429-35d0-58b3-80e8-98eb1f2d8255', '32d36cb3-cd94-5752-a6aa-80e51dff55cc', '626785a8-93e1-5f2e-bb98-8dc988a1949f', '08e02613-f7d9-5d6d-a0eb-e56d73977995', 'note', 'Logged warranty terms for the Permafrost PF-9 walk-in unit — compressor covered through next year.', '2026-04-08T11:15:00-05:00'),
    ('6cda9429-35d0-58b3-80e8-98eb1f2d8255', '345fed6a-cd61-59c2-bef0-2b8e678656b1', '626785a8-93e1-5f2e-bb98-8dc988a1949f', '08e02613-f7d9-5d6d-a0eb-e56d73977995', 'email', 'Sent Farrah the service summary for the central plant: filters changed, belts inspected, no abnormal readings on the Permafrost PF-9 walk-in unit.', '2026-04-15T17:30:00-05:00'),
    ('6cda9429-35d0-58b3-80e8-98eb1f2d8255', '49be55d4-be40-589a-b6d8-39995329bc59', '626785a8-93e1-5f2e-bb98-8dc988a1949f', '08e02613-f7d9-5d6d-a0eb-e56d73977995', 'note', 'Internal: Cedar Bend Office Partners pays net-30 reliably; good candidate for the annual-agreement upsell next quarter.', '2026-04-23T10:45:00-05:00'),
    ('6cda9429-35d0-58b3-80e8-98eb1f2d8255', '673ae2fc-b0a6-528b-9b2e-8a98f3134926', '626785a8-93e1-5f2e-bb98-8dc988a1949f', '08e02613-f7d9-5d6d-a0eb-e56d73977995', 'meeting', 'Quarterly review with Farrah Quintanar: walked open tickets, uptime stats, and the Permafrost PF-9 walk-in unit replacement timeline.', '2026-05-04T08:05:00-05:00'),
    ('6cda9429-35d0-58b3-80e8-98eb1f2d8255', '90d3a8d0-35ce-501c-9bd5-44cdd5899d45', '626785a8-93e1-5f2e-bb98-8dc988a1949f', '08e02613-f7d9-5d6d-a0eb-e56d73977995', 'note', 'Internal: Cedar Bend Office Partners pays net-30 reliably; good candidate for the annual-agreement upsell next quarter.', '2026-05-17T12:10:00-05:00'),
    ('6cda9429-35d0-58b3-80e8-98eb1f2d8255', '5ac66531-011c-575c-aa4c-2452362acc17', '626785a8-93e1-5f2e-bb98-8dc988a1949f', '08e02613-f7d9-5d6d-a0eb-e56d73977995', 'email', 'Sent the inspection report for the Permafrost PF-9 walk-in unit with photos and a parts list for the worn components.', '2026-05-21T15:20:00-05:00'),
    ('6cda9429-35d0-58b3-80e8-98eb1f2d8255', '5867b899-f56b-54d1-b5f4-c89a32ec2575', '626785a8-93e1-5f2e-bb98-8dc988a1949f', '08e02613-f7d9-5d6d-a0eb-e56d73977995', 'note', 'Logged warranty terms for the Permafrost PF-9 walk-in unit — compressor covered through next year.', '2026-06-05T14:40:00-05:00'),
    ('6cda9429-35d0-58b3-80e8-98eb1f2d8255', '9c6b965a-7fa3-5507-b1d1-476f93398e9f', '2fb56c71-0568-5c74-a03f-9f1aa5467789', 'fd81ed17-2483-52fa-bd78-6baa74850933', 'meeting', 'Quarterly review with Caspian Ostrander: walked open tickets, uptime stats, and the Kestrel KX-90 RTU replacement timeline.', '2026-05-23T11:00:00-05:00'),
    ('6cda9429-35d0-58b3-80e8-98eb1f2d8255', '000e3ea1-a5ff-5860-afd3-2af62486fe42', '2fb56c71-0568-5c74-a03f-9f1aa5467789', 'fd81ed17-2483-52fa-bd78-6baa74850933', 'email', 'Sent Caspian the updated certificate of insurance and W-9 for their vendor file.', '2026-06-04T12:15:00-05:00'),
    ('6cda9429-35d0-58b3-80e8-98eb1f2d8255', '80967795-2499-54a6-aa90-08946a059799', 'f7460b2d-9797-5a0f-afee-7176ab60bf72', 'ba8d700c-28ae-5d6d-ab1d-2f56ce632195', 'call', 'Calliope reported a noise complaint near the Permafrost PF-9 walk-in unit; likely a worn belt. Tech routed for Thursday.', '2026-04-06T11:45:00-05:00'),
    ('6cda9429-35d0-58b3-80e8-98eb1f2d8255', 'de7f8275-0264-58d9-963d-e724800beec8', 'f7460b2d-9797-5a0f-afee-7176ab60bf72', 'ba8d700c-28ae-5d6d-ab1d-2f56ce632195', 'meeting', 'Walkthrough with Calliope Montufar and their engineer at building B; documented unit ages and refrigerant types.', '2026-04-09T08:45:00-05:00'),
    ('6cda9429-35d0-58b3-80e8-98eb1f2d8255', '9ee5abb1-32f2-5a5e-abb1-6db681149e66', 'f7460b2d-9797-5a0f-afee-7176ab60bf72', 'ba8d700c-28ae-5d6d-ab1d-2f56ce632195', 'email', 'Sent the inspection report for the Permafrost PF-9 walk-in unit with photos and a parts list for the worn components.', '2026-04-15T08:10:00-05:00'),
    ('6cda9429-35d0-58b3-80e8-98eb1f2d8255', 'b4f23aed-d5ee-5a35-8e70-c41f43ce5eee', 'f7460b2d-9797-5a0f-afee-7176ab60bf72', 'ba8d700c-28ae-5d6d-ab1d-2f56ce632195', 'call', 'Call recap: Calliope Montufar asked for references from other logistics accounts before moving ahead.', '2026-04-19T13:50:00-05:00'),
    ('6cda9429-35d0-58b3-80e8-98eb1f2d8255', 'e42ce39e-da7a-5c59-9883-c42e60a7863d', 'f7460b2d-9797-5a0f-afee-7176ab60bf72', 'ba8d700c-28ae-5d6d-ab1d-2f56ce632195', 'meeting', 'Walkthrough with Calliope Montufar and their engineer at building B; documented unit ages and refrigerant types.', '2026-04-25T16:50:00-05:00'),
    ('6cda9429-35d0-58b3-80e8-98eb1f2d8255', '8a7302e4-e92b-5231-8919-d8502271680a', 'f7460b2d-9797-5a0f-afee-7176ab60bf72', 'ba8d700c-28ae-5d6d-ab1d-2f56ce632195', 'email', 'Sent Calliope the service summary for building B: filters changed, belts inspected, no abnormal readings on the Permafrost PF-9 walk-in unit.', '2026-04-29T10:40:00-05:00'),
    ('6cda9429-35d0-58b3-80e8-98eb1f2d8255', '4290a9bd-7de5-5ea1-a705-6df666e0a416', 'f7460b2d-9797-5a0f-afee-7176ab60bf72', 'ba8d700c-28ae-5d6d-ab1d-2f56ce632195', 'email', 'Sent Calliope the updated certificate of insurance and W-9 for their vendor file.', '2026-05-04T11:05:00-05:00'),
    ('6cda9429-35d0-58b3-80e8-98eb1f2d8255', 'f64fc2b4-c7e5-5ba8-8da9-006f67be491b', 'f7460b2d-9797-5a0f-afee-7176ab60bf72', 'ba8d700c-28ae-5d6d-ab1d-2f56ce632195', 'email', 'Sent the inspection report for the Permafrost PF-9 walk-in unit with photos and a parts list for the worn components.', '2026-05-08T14:10:00-05:00'),
    ('6cda9429-35d0-58b3-80e8-98eb1f2d8255', 'efd22d1a-466c-5551-baba-8c04e396aa6e', 'f7460b2d-9797-5a0f-afee-7176ab60bf72', 'ba8d700c-28ae-5d6d-ab1d-2f56ce632195', 'email', 'Sent Calliope the service summary for building B: filters changed, belts inspected, no abnormal readings on the Permafrost PF-9 walk-in unit.', '2026-05-12T11:00:00-05:00'),
    ('6cda9429-35d0-58b3-80e8-98eb1f2d8255', 'fe22a435-8018-5816-bb44-889e646ea83a', 'f7460b2d-9797-5a0f-afee-7176ab60bf72', 'ba8d700c-28ae-5d6d-ab1d-2f56ce632195', 'call', 'Spoke with Calliope Montufar about the Permafrost PF-9 walk-in unit at building B; agreed to schedule a diagnostic visit next week.', '2026-05-17T17:50:00-05:00'),
    ('6cda9429-35d0-58b3-80e8-98eb1f2d8255', 'e22aa4c0-3610-55fa-b9ef-fc5b64275987', 'f7460b2d-9797-5a0f-afee-7176ab60bf72', 'ba8d700c-28ae-5d6d-ab1d-2f56ce632195', 'email', 'Sent Calliope the service summary for building B: filters changed, belts inspected, no abnormal readings on the Permafrost PF-9 walk-in unit.', '2026-05-23T13:45:00-05:00'),
    ('6cda9429-35d0-58b3-80e8-98eb1f2d8255', '41aaff66-4573-56f9-9909-7ff236d27eda', 'f7460b2d-9797-5a0f-afee-7176ab60bf72', 'ba8d700c-28ae-5d6d-ab1d-2f56ce632195', 'call', 'Checked in with Calliope Montufar ahead of the seasonal changeover; confirmed access windows for building B.', '2026-05-26T11:05:00-05:00'),
    ('6cda9429-35d0-58b3-80e8-98eb1f2d8255', '68826bba-98d3-567e-af5f-fd3b018be701', '7e16a419-1d73-5732-a14d-b525f2c37ec5', 'e861d8c8-9c5b-5672-8cad-4f2d0122f986', 'note', 'Tech report: ClimaCore CC-30 cooling tower at the north campus back within spec after coil cleaning; added to the quarterly PM route.', '2026-03-18T16:45:00-05:00'),
    ('6cda9429-35d0-58b3-80e8-98eb1f2d8255', 'c4371bce-8ab3-5979-8a46-eee5c8a6fc7c', '7e16a419-1d73-5732-a14d-b525f2c37ec5', 'e861d8c8-9c5b-5672-8cad-4f2d0122f986', 'email', 'Sent Bennett the service summary for the north campus: filters changed, belts inspected, no abnormal readings on the ClimaCore CC-30 cooling tower.', '2026-03-27T15:05:00-05:00'),
    ('6cda9429-35d0-58b3-80e8-98eb1f2d8255', '63dba602-c9f8-5b8d-8d54-b7c776828fd6', '7e16a419-1d73-5732-a14d-b525f2c37ec5', 'e861d8c8-9c5b-5672-8cad-4f2d0122f986', 'email', 'Recap email to Bennett Elkington: scope, exclusions, and response-time commitments as discussed.', '2026-04-05T15:50:00-05:00'),
    ('6cda9429-35d0-58b3-80e8-98eb1f2d8255', '1bd3f1cb-2fd1-5831-93f7-c92399e3f316', '7e16a419-1d73-5732-a14d-b525f2c37ec5', 'e861d8c8-9c5b-5672-8cad-4f2d0122f986', 'email', 'Sent Bennett the updated certificate of insurance and W-9 for their vendor file.', '2026-04-14T16:10:00-05:00'),
    ('6cda9429-35d0-58b3-80e8-98eb1f2d8255', '3c374f77-a679-504a-af64-70d6db093973', '7e16a419-1d73-5732-a14d-b525f2c37ec5', 'e861d8c8-9c5b-5672-8cad-4f2d0122f986', 'call', 'Spoke with Bennett Elkington about the ClimaCore CC-30 cooling tower at the north campus; agreed to schedule a diagnostic visit next week.', '2026-04-24T16:20:00-05:00'),
    ('6cda9429-35d0-58b3-80e8-98eb1f2d8255', 'aecfe0b4-050c-5fb7-939c-729ebce5936f', '7e16a419-1d73-5732-a14d-b525f2c37ec5', 'e861d8c8-9c5b-5672-8cad-4f2d0122f986', 'note', 'Tech report: ClimaCore CC-30 cooling tower at the north campus back within spec after coil cleaning; added to the quarterly PM route.', '2026-05-02T14:15:00-05:00'),
    ('6cda9429-35d0-58b3-80e8-98eb1f2d8255', '53ebdc7c-6555-5615-b24e-4631e7b53cc1', '7e16a419-1d73-5732-a14d-b525f2c37ec5', 'e861d8c8-9c5b-5672-8cad-4f2d0122f986', 'meeting', 'Intro meeting with Bennett Elkington: mapped their sites, current vendor gaps, and budget cycle.', '2026-05-12T10:50:00-05:00');
INSERT INTO activities (tenant_id, id, contact_id, deal_id, kind, body, occurred_at) VALUES
    ('6cda9429-35d0-58b3-80e8-98eb1f2d8255', '18057950-c30a-5b0e-8a05-b0e468027a1b', '7e16a419-1d73-5732-a14d-b525f2c37ec5', 'e861d8c8-9c5b-5672-8cad-4f2d0122f986', 'email', 'Recap email to Bennett Elkington: scope, exclusions, and response-time commitments as discussed.', '2026-05-24T17:45:00-05:00'),
    ('6cda9429-35d0-58b3-80e8-98eb1f2d8255', '9feef724-815e-51ac-98d8-b7320d83c4e8', '7e16a419-1d73-5732-a14d-b525f2c37ec5', 'e861d8c8-9c5b-5672-8cad-4f2d0122f986', 'call', 'Bennett reported a noise complaint near the ClimaCore CC-30 cooling tower; likely a worn belt. Tech routed for Thursday.', '2026-06-01T16:05:00-05:00');
INSERT INTO approvals (tenant_id, id, proposed_action, agent, reasoning, value_at_stake, status, decided_by, deny_message, created_at, decided_at) VALUES
    ('6cda9429-35d0-58b3-80e8-98eb1f2d8255', '36ec339b-8e81-57f3-b951-0d04cbd8ab52', '{"action": "send_email", "body_preview": "Recap and next steps as discussed.", "deal": "Lakeline Realty Management service agreement renewal FY27", "deal_ref": "demo:deal:0", "subject": "Follow-up \u2014 Lakeline Realty Management service agreement renewal FY27", "to": "adriana.inverness@lakelinerealtymanagement-0.example"}'::jsonb, 'followup-agent', 'Follow-up queued for Lakeline Realty Management service agreement renewal FY27 (closed_lost).', 39500, 'approved', 'demo-admin', NULL, '2026-05-15T18:41:05.617153-05:00', '2026-05-16T06:11:45.442704-05:00'),
    ('6cda9429-35d0-58b3-80e8-98eb1f2d8255', '102825d8-a951-5962-90f5-4fe1a82fa8c6', '{"action": "send_email", "body_preview": "Recap and next steps as discussed.", "deal": "Barton Springs Freight Systems comfort-cooling service plan", "deal_ref": "demo:deal:1", "subject": "Follow-up \u2014 Barton Springs Freight Systems comfort-cooling service plan", "to": "elias.dunmore@bartonspringsfreightsystems-1.example"}'::jsonb, 'followup-agent', 'Follow-up queued for Barton Springs Freight Systems comfort-cooling service plan (qualified).', 21000, 'pending', NULL, NULL, '2026-06-06T18:39:35.546940-05:00', NULL),
    ('6cda9429-35d0-58b3-80e8-98eb1f2d8255', 'ce2c47d4-e032-511f-acc6-8ea8ab31352f', '{"action": "send_email", "body_preview": "Recap and next steps as discussed.", "deal": "Pflugerville Surgical Associates \u2014 AeroVent AV-2 makeup-air unit repair", "deal_ref": "demo:deal:2", "subject": "Follow-up \u2014 Pflugerville Surgical Associates \u2014 AeroVent AV-2 makeup-air unit repair", "to": "ulysses.dunsmuir@pflugervillesurgicalassociates-2.example"}'::jsonb, 'followup-agent', 'Follow-up queued for Pflugerville Surgical Associates — AeroVent AV-2 makeup-air unit repair (new).', 9000, 'pending', NULL, NULL, '2026-06-06T16:19:17.986973-05:00', NULL),
    ('6cda9429-35d0-58b3-80e8-98eb1f2d8255', '91bfa2a4-73b9-5934-9296-f9c0e50c8de9', '{"action": "send_email", "body_preview": "Recap and next steps as discussed.", "deal": "Round Rock Hospitality Group emergency repair \u2014 suite 400", "deal_ref": "demo:deal:3", "subject": "Follow-up \u2014 Round Rock Hospitality Group emergency repair \u2014 suite 400", "to": "hollis.oberlin@roundrockhospitalitygroup-3.example"}'::jsonb, 'followup-agent', 'Follow-up queued for Round Rock Hospitality Group emergency repair — suite 400 (qualified).', 11050, 'approved', 'demo-admin', NULL, '2026-04-28T16:46:57.307981-05:00', '2026-04-29T09:28:55.471829-05:00'),
    ('6cda9429-35d0-58b3-80e8-98eb1f2d8255', '1fbe35d4-4b3f-5075-af73-d797dc33ac2c', '{"action": "send_email", "body_preview": "Recap and next steps as discussed.", "deal": "Cedar Bend Office Partners emergency repair \u2014 the north campus", "deal_ref": "demo:deal:4", "subject": "Follow-up \u2014 Cedar Bend Office Partners emergency repair \u2014 the north campus", "to": "farrah.quintanar@cedarbendofficepartners-4.example"}'::jsonb, 'followup-agent', 'Follow-up queued for Cedar Bend Office Partners emergency repair — the north campus (proposal).', 9850, 'pending', NULL, NULL, '2026-06-08T23:54:04.187849-05:00', NULL),
    ('6cda9429-35d0-58b3-80e8-98eb1f2d8255', 'c8b535e6-f4c4-5d47-9bc4-768caca2308a', '{"action": "send_email", "body_preview": "Recap and next steps as discussed.", "deal": "Lakeline Realty Management \u2014 ClimaCore CC-30 cooling tower repair", "deal_ref": "demo:deal:5", "subject": "Follow-up \u2014 Lakeline Realty Management \u2014 ClimaCore CC-30 cooling tower repair", "to": "caspian.ostrander@lakelinerealtymanagement-0.example"}'::jsonb, 'followup-agent', 'Follow-up queued for Lakeline Realty Management — ClimaCore CC-30 cooling tower repair (new).', 9800, 'pending', NULL, NULL, '2026-06-08T03:00:25.065224-05:00', NULL);
INSERT INTO saved_views (tenant_id, id, view_id, version, spec_json, semantic_refs, source_prompt, created_by, created_at) VALUES
    ('6cda9429-35d0-58b3-80e8-98eb1f2d8255', '626da8f8-ca45-50d3-b072-0926dae46dc8', 'pipeline-health', 1, '{"layout": [{"filter": {"filters": [{"member": "Deals.stage", "operator": "notEquals", "values": ["closed_won", "closed_lost"]}]}, "metric": "Deals.pipeline_value", "title": "Open pipeline ($)", "type": "kpi"}, {"encoding": "vega-lite", "query": {"dimensions": ["Deals.stage"], "measures": ["Deals.count"]}, "title": "Deals by stage", "type": "chart"}, {"query": {"dimensions": ["Deals.title", "Deals.stage"], "filters": [{"member": "Deals.stage", "operator": "notEquals", "values": ["closed_won", "closed_lost"]}], "measures": ["Deals.pipeline_value"]}, "title": "Top open deals", "type": "table"}], "semantic_refs": ["Deals.pipeline_value", "Deals.count", "Deals.stage"], "source_prompt": "Show me overall pipeline health", "title": "Pipeline health", "version": 1, "view_id": "pipeline-health"}'::jsonb, '["Deals.pipeline_value", "Deals.count", "Deals.stage"]'::jsonb, 'Show me overall pipeline health', 'test-pack-seed', '2026-06-08T02:49:21.829715-05:00'),
    ('6cda9429-35d0-58b3-80e8-98eb1f2d8255', '1e16c494-5c4c-53a1-af42-bbb129249899', 'renewals-next-90d', 1, '{"layout": [{"filter": {"filters": [{"member": "Deals.title", "operator": "contains", "values": ["renewal"]}]}, "metric": "Deals.count", "title": "Renewal deals in flight", "type": "kpi"}, {"query": {"dimensions": ["Deals.title", "Deals.stage", "Deals.created_at"], "filters": [{"member": "Deals.title", "operator": "contains", "values": ["renewal"]}, {"member": "Deals.stage", "operator": "notEquals", "values": ["closed_won", "closed_lost"]}], "measures": ["Deals.pipeline_value"]}, "title": "Open renewals", "type": "table"}], "semantic_refs": ["Deals.count", "Deals.pipeline_value", "Deals.title"], "source_prompt": "Which service agreements renew in the next 90 days?", "title": "Renewals \u2014 next 90 days", "version": 1, "view_id": "renewals-next-90d"}'::jsonb, '["Deals.count", "Deals.pipeline_value", "Deals.title"]'::jsonb, 'Which service agreements renew in the next 90 days?', 'test-pack-seed', '2026-06-05T02:48:37.808451-05:00');
INSERT INTO documents (tenant_id, source, ref_id, content, created_at) VALUES
    ('6cda9429-35d0-58b3-80e8-98eb1f2d8255', 'email', 'demo:doc:act:0', 'Email — Lakeline Realty Management service agreement renewal FY27 (2026-01-18): Emailed Adriana Inverness the maintenance-window options for the distribution floor; awaiting their preferred slot.', '2026-01-18T11:15:00-05:00'),
    ('6cda9429-35d0-58b3-80e8-98eb1f2d8255', 'call', 'demo:doc:act:1', 'Call — Lakeline Realty Management service agreement renewal FY27 (2026-01-29): Adriana called about uneven temperatures at the distribution floor; suspect a stuck damper actuator. Visit scheduled.', '2026-01-29T10:50:00-05:00'),
    ('6cda9429-35d0-58b3-80e8-98eb1f2d8255', 'call', 'demo:doc:act:2', 'Call — Lakeline Realty Management service agreement renewal FY27 (2026-02-05): Follow-up call with Adriana Inverness: parts for the NorthCool C-450 chiller arrived; install set for early next week.', '2026-02-05T14:45:00-05:00'),
    ('6cda9429-35d0-58b3-80e8-98eb1f2d8255', 'email', 'demo:doc:act:3', 'Email — Lakeline Realty Management service agreement renewal FY27 (2026-02-17): Emailed Adriana Inverness the maintenance-window options for the distribution floor; awaiting their preferred slot.', '2026-02-17T14:00:00-05:00'),
    ('6cda9429-35d0-58b3-80e8-98eb1f2d8255', 'call', 'demo:doc:act:4', 'Call — Lakeline Realty Management service agreement renewal FY27 (2026-02-24): Adriana called about uneven temperatures at the distribution floor; suspect a stuck damper actuator. Visit scheduled.', '2026-02-24T08:50:00-05:00'),
    ('6cda9429-35d0-58b3-80e8-98eb1f2d8255', 'upload', 'demo:doc:act:5', 'Meeting — Lakeline Realty Management service agreement renewal FY27 (2026-03-10): Walkthrough with Adriana Inverness and their engineer at the distribution floor; documented unit ages and refrigerant types.', '2026-03-10T11:40:00-05:00'),
    ('6cda9429-35d0-58b3-80e8-98eb1f2d8255', 'upload', 'demo:doc:act:6', 'Note — Lakeline Realty Management service agreement renewal FY27 (2026-03-16): Logged warranty terms for the NorthCool C-450 chiller — compressor covered through next year.', '2026-03-16T17:45:00-05:00'),
    ('6cda9429-35d0-58b3-80e8-98eb1f2d8255', 'email', 'demo:doc:act:7', 'Email — Lakeline Realty Management service agreement renewal FY27 (2026-03-25): Emailed Adriana Inverness the maintenance-window options for the distribution floor; awaiting their preferred slot.', '2026-03-25T10:05:00-05:00'),
    ('6cda9429-35d0-58b3-80e8-98eb1f2d8255', 'email', 'demo:doc:act:8', 'Email — Lakeline Realty Management service agreement renewal FY27 (2026-04-03): Sent Adriana the service summary for the distribution floor: filters changed, belts inspected, no abnormal readings on the NorthCool C-450 chiller.', '2026-04-03T15:50:00-05:00'),
    ('6cda9429-35d0-58b3-80e8-98eb1f2d8255', 'email', 'demo:doc:act:9', 'Email — Lakeline Realty Management service agreement renewal FY27 (2026-04-16): Sent the inspection report for the NorthCool C-450 chiller with photos and a parts list for the worn components.', '2026-04-16T17:05:00-05:00'),
    ('6cda9429-35d0-58b3-80e8-98eb1f2d8255', 'upload', 'demo:doc:act:10', 'Note — Lakeline Realty Management service agreement renewal FY27 (2026-04-23): Tech report: NorthCool C-450 chiller at the distribution floor back within spec after coil cleaning; added to the quarterly PM route.', '2026-04-23T11:00:00-05:00'),
    ('6cda9429-35d0-58b3-80e8-98eb1f2d8255', 'upload', 'demo:doc:act:11', 'Note — Barton Springs Freight Systems comfort-cooling service plan (2026-05-25): Tech report: TruFlow TF-8 boiler at building B back within spec after coil cleaning; added to the quarterly PM route.', '2026-05-25T09:20:00-05:00'),
    ('6cda9429-35d0-58b3-80e8-98eb1f2d8255', 'upload', 'demo:doc:act:12', 'Meeting — Barton Springs Freight Systems comfort-cooling service plan (2026-05-29): Intro meeting with Elias Dunmore: mapped their sites, current vendor gaps, and budget cycle.', '2026-05-29T09:05:00-05:00'),
    ('6cda9429-35d0-58b3-80e8-98eb1f2d8255', 'upload', 'demo:doc:act:13', 'Meeting — Barton Springs Freight Systems comfort-cooling service plan (2026-06-02): Quarterly review with Elias Dunmore: walked open tickets, uptime stats, and the TruFlow TF-8 boiler replacement timeline.', '2026-06-02T13:00:00-05:00'),
    ('6cda9429-35d0-58b3-80e8-98eb1f2d8255', 'upload', 'demo:doc:act:14', 'Meeting — Barton Springs Freight Systems comfort-cooling service plan (2026-06-06): Quarterly review with Elias Dunmore: walked open tickets, uptime stats, and the TruFlow TF-8 boiler replacement timeline.', '2026-06-06T10:30:00-05:00'),
    ('6cda9429-35d0-58b3-80e8-98eb1f2d8255', 'email', 'demo:doc:act:15', 'Email — Pflugerville Surgical Associates — AeroVent AV-2 makeup-air unit repair (2026-06-02): Sent Ulysses the updated certificate of insurance and W-9 for their vendor file.', '2026-06-02T09:05:00-05:00'),
    ('6cda9429-35d0-58b3-80e8-98eb1f2d8255', 'call', 'demo:doc:act:16', 'Call — Pflugerville Surgical Associates — AeroVent AV-2 makeup-air unit repair (2026-06-04): Follow-up call with Ulysses Dunsmuir: parts for the Permafrost PF-9 walk-in unit arrived; install set for early next week.', '2026-06-04T09:20:00-05:00'),
    ('6cda9429-35d0-58b3-80e8-98eb1f2d8255', 'call', 'demo:doc:act:17', 'Call — Pflugerville Surgical Associates — AeroVent AV-2 makeup-air unit repair (2026-06-07): Follow-up call with Ulysses Dunsmuir: parts for the Permafrost PF-9 walk-in unit arrived; install set for early next week.', '2026-06-07T13:40:00-05:00'),
    ('6cda9429-35d0-58b3-80e8-98eb1f2d8255', 'upload', 'demo:doc:act:18', 'Note — Round Rock Hospitality Group emergency repair — suite 400 (2026-05-12): Internal: Round Rock Hospitality Group pays net-30 reliably; good candidate for the annual-agreement upsell next quarter.', '2026-05-12T09:45:00-05:00'),
    ('6cda9429-35d0-58b3-80e8-98eb1f2d8255', 'upload', 'demo:doc:act:19', 'Note — Round Rock Hospitality Group emergency repair — suite 400 (2026-05-22): Diagnostic: refrigerant charge low on the ClimaCore CC-30 cooling tower; leak search scheduled before any top-off.', '2026-05-22T15:20:00-05:00'),
    ('6cda9429-35d0-58b3-80e8-98eb1f2d8255', 'email', 'demo:doc:act:20', 'Email — Round Rock Hospitality Group emergency repair — suite 400 (2026-05-29): Emailed Hollis Oberlin the maintenance-window options for the main plant; awaiting their preferred slot.', '2026-05-29T13:20:00-05:00'),
    ('6cda9429-35d0-58b3-80e8-98eb1f2d8255', 'email', 'demo:doc:act:21', 'Email — Round Rock Hospitality Group emergency repair — suite 400 (2026-06-02): Sent the inspection report for the ClimaCore CC-30 cooling tower with photos and a parts list for the worn components.', '2026-06-02T17:15:00-05:00'),
    ('6cda9429-35d0-58b3-80e8-98eb1f2d8255', 'upload', 'demo:doc:act:22', 'Note — Cedar Bend Office Partners emergency repair — the north campus (2026-04-08): Logged warranty terms for the Permafrost PF-9 walk-in unit — compressor covered through next year.', '2026-04-08T11:15:00-05:00'),
    ('6cda9429-35d0-58b3-80e8-98eb1f2d8255', 'email', 'demo:doc:act:23', 'Email — Cedar Bend Office Partners emergency repair — the north campus (2026-04-15): Sent Farrah the service summary for the central plant: filters changed, belts inspected, no abnormal readings on the Permafrost PF-9 walk-in unit.', '2026-04-15T17:30:00-05:00'),
    ('6cda9429-35d0-58b3-80e8-98eb1f2d8255', 'upload', 'demo:doc:act:24', 'Note — Cedar Bend Office Partners emergency repair — the north campus (2026-04-23): Internal: Cedar Bend Office Partners pays net-30 reliably; good candidate for the annual-agreement upsell next quarter.', '2026-04-23T10:45:00-05:00'),
    ('6cda9429-35d0-58b3-80e8-98eb1f2d8255', 'upload', 'demo:doc:act:25', 'Meeting — Cedar Bend Office Partners emergency repair — the north campus (2026-05-04): Quarterly review with Farrah Quintanar: walked open tickets, uptime stats, and the Permafrost PF-9 walk-in unit replacement timeline.', '2026-05-04T08:05:00-05:00'),
    ('6cda9429-35d0-58b3-80e8-98eb1f2d8255', 'upload', 'demo:doc:act:26', 'Note — Cedar Bend Office Partners emergency repair — the north campus (2026-05-17): Internal: Cedar Bend Office Partners pays net-30 reliably; good candidate for the annual-agreement upsell next quarter.', '2026-05-17T12:10:00-05:00'),
    ('6cda9429-35d0-58b3-80e8-98eb1f2d8255', 'email', 'demo:doc:act:27', 'Email — Cedar Bend Office Partners emergency repair — the north campus (2026-05-21): Sent the inspection report for the Permafrost PF-9 walk-in unit with photos and a parts list for the worn components.', '2026-05-21T15:20:00-05:00'),
    ('6cda9429-35d0-58b3-80e8-98eb1f2d8255', 'upload', 'demo:doc:act:28', 'Note — Cedar Bend Office Partners emergency repair — the north campus (2026-06-05): Logged warranty terms for the Permafrost PF-9 walk-in unit — compressor covered through next year.', '2026-06-05T14:40:00-05:00'),
    ('6cda9429-35d0-58b3-80e8-98eb1f2d8255', 'upload', 'demo:doc:act:29', 'Meeting — Lakeline Realty Management — ClimaCore CC-30 cooling tower repair (2026-05-23): Quarterly review with Caspian Ostrander: walked open tickets, uptime stats, and the Kestrel KX-90 RTU replacement timeline.', '2026-05-23T11:00:00-05:00'),
    ('6cda9429-35d0-58b3-80e8-98eb1f2d8255', 'email', 'demo:doc:act:30', 'Email — Lakeline Realty Management — ClimaCore CC-30 cooling tower repair (2026-06-04): Sent Caspian the updated certificate of insurance and W-9 for their vendor file.', '2026-06-04T12:15:00-05:00'),
    ('6cda9429-35d0-58b3-80e8-98eb1f2d8255', 'call', 'demo:doc:act:31', 'Call — Barton Springs Freight Systems — TruFlow TF-8 boiler repair (2026-04-06): Calliope reported a noise complaint near the Permafrost PF-9 walk-in unit; likely a worn belt. Tech routed for Thursday.', '2026-04-06T11:45:00-05:00'),
    ('6cda9429-35d0-58b3-80e8-98eb1f2d8255', 'upload', 'demo:doc:act:32', 'Meeting — Barton Springs Freight Systems — TruFlow TF-8 boiler repair (2026-04-09): Walkthrough with Calliope Montufar and their engineer at building B; documented unit ages and refrigerant types.', '2026-04-09T08:45:00-05:00'),
    ('6cda9429-35d0-58b3-80e8-98eb1f2d8255', 'email', 'demo:doc:act:33', 'Email — Barton Springs Freight Systems — TruFlow TF-8 boiler repair (2026-04-15): Sent the inspection report for the Permafrost PF-9 walk-in unit with photos and a parts list for the worn components.', '2026-04-15T08:10:00-05:00'),
    ('6cda9429-35d0-58b3-80e8-98eb1f2d8255', 'call', 'demo:doc:act:34', 'Call — Barton Springs Freight Systems — TruFlow TF-8 boiler repair (2026-04-19): Call recap: Calliope Montufar asked for references from other logistics accounts before moving ahead.', '2026-04-19T13:50:00-05:00'),
    ('6cda9429-35d0-58b3-80e8-98eb1f2d8255', 'upload', 'demo:doc:act:35', 'Meeting — Barton Springs Freight Systems — TruFlow TF-8 boiler repair (2026-04-25): Walkthrough with Calliope Montufar and their engineer at building B; documented unit ages and refrigerant types.', '2026-04-25T16:50:00-05:00'),
    ('6cda9429-35d0-58b3-80e8-98eb1f2d8255', 'email', 'demo:doc:act:36', 'Email — Barton Springs Freight Systems — TruFlow TF-8 boiler repair (2026-04-29): Sent Calliope the service summary for building B: filters changed, belts inspected, no abnormal readings on the Permafrost PF-9 walk-in unit.', '2026-04-29T10:40:00-05:00'),
    ('6cda9429-35d0-58b3-80e8-98eb1f2d8255', 'email', 'demo:doc:act:37', 'Email — Barton Springs Freight Systems — TruFlow TF-8 boiler repair (2026-05-04): Sent Calliope the updated certificate of insurance and W-9 for their vendor file.', '2026-05-04T11:05:00-05:00'),
    ('6cda9429-35d0-58b3-80e8-98eb1f2d8255', 'email', 'demo:doc:act:38', 'Email — Barton Springs Freight Systems — TruFlow TF-8 boiler repair (2026-05-08): Sent the inspection report for the Permafrost PF-9 walk-in unit with photos and a parts list for the worn components.', '2026-05-08T14:10:00-05:00'),
    ('6cda9429-35d0-58b3-80e8-98eb1f2d8255', 'email', 'demo:doc:act:39', 'Email — Barton Springs Freight Systems — TruFlow TF-8 boiler repair (2026-05-12): Sent Calliope the service summary for building B: filters changed, belts inspected, no abnormal readings on the Permafrost PF-9 walk-in unit.', '2026-05-12T11:00:00-05:00'),
    ('6cda9429-35d0-58b3-80e8-98eb1f2d8255', 'call', 'demo:doc:act:40', 'Call — Barton Springs Freight Systems — TruFlow TF-8 boiler repair (2026-05-17): Spoke with Calliope Montufar about the Permafrost PF-9 walk-in unit at building B; agreed to schedule a diagnostic visit next week.', '2026-05-17T17:50:00-05:00'),
    ('6cda9429-35d0-58b3-80e8-98eb1f2d8255', 'email', 'demo:doc:act:41', 'Email — Barton Springs Freight Systems — TruFlow TF-8 boiler repair (2026-05-23): Sent Calliope the service summary for building B: filters changed, belts inspected, no abnormal readings on the Permafrost PF-9 walk-in unit.', '2026-05-23T13:45:00-05:00'),
    ('6cda9429-35d0-58b3-80e8-98eb1f2d8255', 'call', 'demo:doc:act:42', 'Call — Barton Springs Freight Systems — TruFlow TF-8 boiler repair (2026-05-26): Checked in with Calliope Montufar ahead of the seasonal changeover; confirmed access windows for building B.', '2026-05-26T11:05:00-05:00'),
    ('6cda9429-35d0-58b3-80e8-98eb1f2d8255', 'upload', 'demo:doc:act:43', 'Note — Pflugerville Surgical Associates comfort-cooling service plan (2026-03-18): Tech report: ClimaCore CC-30 cooling tower at the north campus back within spec after coil cleaning; added to the quarterly PM route.', '2026-03-18T16:45:00-05:00'),
    ('6cda9429-35d0-58b3-80e8-98eb1f2d8255', 'email', 'demo:doc:act:44', 'Email — Pflugerville Surgical Associates comfort-cooling service plan (2026-03-27): Sent Bennett the service summary for the north campus: filters changed, belts inspected, no abnormal readings on the ClimaCore CC-30 cooling tower.', '2026-03-27T15:05:00-05:00'),
    ('6cda9429-35d0-58b3-80e8-98eb1f2d8255', 'email', 'demo:doc:act:45', 'Email — Pflugerville Surgical Associates comfort-cooling service plan (2026-04-05): Recap email to Bennett Elkington: scope, exclusions, and response-time commitments as discussed.', '2026-04-05T15:50:00-05:00'),
    ('6cda9429-35d0-58b3-80e8-98eb1f2d8255', 'email', 'demo:doc:act:46', 'Email — Pflugerville Surgical Associates comfort-cooling service plan (2026-04-14): Sent Bennett the updated certificate of insurance and W-9 for their vendor file.', '2026-04-14T16:10:00-05:00'),
    ('6cda9429-35d0-58b3-80e8-98eb1f2d8255', 'call', 'demo:doc:act:47', 'Call — Pflugerville Surgical Associates comfort-cooling service plan (2026-04-24): Spoke with Bennett Elkington about the ClimaCore CC-30 cooling tower at the north campus; agreed to schedule a diagnostic visit next week.', '2026-04-24T16:20:00-05:00'),
    ('6cda9429-35d0-58b3-80e8-98eb1f2d8255', 'upload', 'demo:doc:act:48', 'Note — Pflugerville Surgical Associates comfort-cooling service plan (2026-05-02): Tech report: ClimaCore CC-30 cooling tower at the north campus back within spec after coil cleaning; added to the quarterly PM route.', '2026-05-02T14:15:00-05:00'),
    ('6cda9429-35d0-58b3-80e8-98eb1f2d8255', 'upload', 'demo:doc:act:49', 'Meeting — Pflugerville Surgical Associates comfort-cooling service plan (2026-05-12): Intro meeting with Bennett Elkington: mapped their sites, current vendor gaps, and budget cycle.', '2026-05-12T10:50:00-05:00');
INSERT INTO documents (tenant_id, source, ref_id, content, created_at) VALUES
    ('6cda9429-35d0-58b3-80e8-98eb1f2d8255', 'email', 'demo:doc:act:50', 'Email — Pflugerville Surgical Associates comfort-cooling service plan (2026-05-24): Recap email to Bennett Elkington: scope, exclusions, and response-time commitments as discussed.', '2026-05-24T17:45:00-05:00'),
    ('6cda9429-35d0-58b3-80e8-98eb1f2d8255', 'call', 'demo:doc:act:51', 'Call — Pflugerville Surgical Associates comfort-cooling service plan (2026-06-01): Bennett reported a noise complaint near the ClimaCore CC-30 cooling tower; likely a worn belt. Tech routed for Thursday.', '2026-06-01T16:05:00-05:00');
COMMIT;
